{"cameraMode":{"drawMode":0,"name":"Shaded","section":"Shading Mode"},"sceneLighting":false,"audioPlay":false,"sceneViewState":{"showFog":false,"showMaterialUpdate":false,"showSkybox":false,"showFlares":false,"showImageEffects":false,"showParticleSystems":false},"in2DMode":false,"pivot":{"x":1.548053503036499,"y":-0.24872231483459474,"z":-0.459565669298172},"rotation":{"x":0.08718100935220719,"y":0.6604596376419067,"z":-0.07762844860553742,"w":0.7417347431182861},"size":4.0578837394714359,"orthographic":false}