{"cameraMode":{"drawMode":0,"name":"Shaded","section":"Shading Mode"},"sceneLighting":false,"audioPlay":false,"sceneViewState":{"showFog":false,"showMaterialUpdate":false,"showSkybox":false,"showFlares":false,"showImageEffects":false,"showParticleSystems":false},"in2DMode":false,"pivot":{"x":-5.483254432678223,"y":6.659867286682129,"z":-0.18857717514038087},"rotation":{"x":0.12367024272680283,"y":-0.17614613473415376,"z":0.022312641143798829,"w":0.9763100743293762},"size":5.257884502410889,"orthographic":false}