{"cameraMode":{"drawMode":0,"name":"Shaded","section":"Shading Mode"},"sceneLighting":false,"audioPlay":false,"sceneViewState":{"showFog":false,"showMaterialUpdate":false,"showSkybox":false,"showFlares":false,"showImageEffects":false,"showParticleSystems":false},"in2DMode":false,"pivot":{"x":-4.981821060180664,"y":6.994682788848877,"z":0.5344656705856323},"rotation":{"x":-0.11813416332006455,"y":-0.03930634632706642,"z":0.004657898563891649,"w":-0.9922270178794861},"size":4.657884120941162,"orthographic":false}