{"cameraMode":{"drawMode":0,"name":"Shaded","section":"Shading Mode"},"sceneLighting":false,"audioPlay":false,"sceneViewState":{"showFog":false,"showMaterialUpdate":false,"showSkybox":false,"showFlares":false,"showImageEffects":false,"showParticleSystems":false},"in2DMode":false,"pivot":{"x":-2.078263759613037,"y":0.8193731307983398,"z":22.43964385986328},"rotation":{"x":-0.04948258027434349,"y":-0.006276947911828756,"z":0.00026138167595490813,"w":-0.998809278011322},"size":81.97856903076172,"orthographic":false}