{"cameraMode":{"drawMode":0,"name":"Shaded","section":"Shading Mode"},"sceneLighting":false,"audioPlay":false,"sceneViewState":{"showFog":false,"showMaterialUpdate":false,"showSkybox":false,"showFlares":false,"showImageEffects":false,"showParticleSystems":false},"in2DMode":false,"pivot":{"x":-0.8889859318733215,"y":-3.1687488555908205,"z":1.9788148403167725},"rotation":{"x":-0.31502050161361697,"y":0.0534927137196064,"z":-0.017811430618166925,"w":-0.9474329948425293},"size":7.650386333465576,"orthographic":false}