{"cameraMode":{"drawMode":0,"name":"Shaded","section":"Shading Mode"},"sceneLighting":false,"audioPlay":false,"sceneViewState":{"showFog":false,"showMaterialUpdate":false,"showSkybox":false,"showFlares":false,"showImageEffects":false,"showParticleSystems":false},"in2DMode":false,"pivot":{"x":-0.24308155477046967,"y":0.1540279984474182,"z":0.0052716732025146488},"rotation":{"x":0.0269915871322155,"y":-0.019491666927933694,"z":0.0005263976054266095,"w":0.9994462728500366},"size":3.7578837871551515,"orthographic":false}