{"cameraMode":{"drawMode":0,"name":"Shaded","section":"Shading Mode"},"sceneLighting":false,"audioPlay":false,"sceneViewState":{"showFog":false,"showMaterialUpdate":false,"showSkybox":false,"showFlares":false,"showImageEffects":false,"showParticleSystems":false},"in2DMode":false,"pivot":{"x":-4.905678749084473,"y":0.6352693438529968,"z":8.607189178466797},"rotation":{"x":-0.009001314640045166,"y":-0.0017837408231571317,"z":-0.00003570127591956407,"w":-1.000014305114746},"size":27.195087432861329,"orthographic":false}