{"cameraMode":{"drawMode":0,"name":"Shaded","section":"Shading Mode"},"sceneLighting":false,"audioPlay":false,"sceneViewState":{"showFog":false,"showMaterialUpdate":false,"showSkybox":false,"showFlares":false,"showImageEffects":false,"showParticleSystems":false},"in2DMode":false,"pivot":{"x":0.012321565300226212,"y":0.13882765173912049,"z":0.005760146304965019},"rotation":{"x":-0.022495301440358163,"y":-0.02008502371609211,"z":0.0004321046872064471,"w":-0.9995680451393127},"size":2.8578836917877199,"orthographic":false}