{"cameraMode":{"drawMode":0,"name":"Shaded","section":"Shading Mode"},"sceneLighting":false,"audioPlay":false,"sceneViewState":{"showFog":false,"showMaterialUpdate":false,"showSkybox":false,"showFlares":false,"showImageEffects":false,"showParticleSystems":false},"in2DMode":false,"pivot":{"x":-27.469829559326173,"y":-1.6667622327804566,"z":52.72012710571289},"rotation":{"x":-0.11099950224161148,"y":-0.307983934879303,"z":0.036155540496110919,"w":-0.9442521929740906},"size":67.23529815673828,"orthographic":false}