{"cameraMode":{"drawMode":0,"name":"Shaded","section":"Shading Mode"},"sceneLighting":false,"audioPlay":false,"sceneViewState":{"showFog":false,"showMaterialUpdate":false,"showSkybox":false,"showFlares":false,"showImageEffects":false,"showParticleSystems":false},"in2DMode":false,"pivot":{"x":0.24883069097995759,"y":-3.9547457695007326,"z":20.19891357421875},"rotation":{"x":-0.08812027424573899,"y":-0.35656848549842837,"z":0.03375637158751488,"w":-0.9295414090156555},"size":20.89249610900879,"orthographic":false}