{"cameraMode":{"drawMode":0,"name":"Shaded","section":"Shading Mode"},"sceneLighting":false,"audioPlay":false,"sceneViewState":{"showFog":false,"showMaterialUpdate":false,"showSkybox":false,"showFlares":false,"showImageEffects":false,"showParticleSystems":false},"in2DMode":false,"pivot":{"x":5.538674831390381,"y":-7.080286026000977,"z":42.16558837890625},"rotation":{"x":-0.07283851504325867,"y":-0.1274070143699646,"z":0.00935788732022047,"w":-0.9891637563705444},"size":39.05863571166992,"orthographic":false}