{"cameraMode":{"drawMode":0,"name":"Shaded","section":"Shading Mode"},"sceneLighting":false,"audioPlay":false,"sceneViewState":{"showFog":false,"showMaterialUpdate":false,"showSkybox":false,"showFlares":false,"showImageEffects":false,"showParticleSystems":false},"in2DMode":false,"pivot":{"x":10.135820388793946,"y":-7.817197799682617,"z":-0.2701587677001953},"rotation":{"x":-0.31502050161361697,"y":0.0534927137196064,"z":-0.017811430618166925,"w":-0.9474329948425293},"size":89.65682220458985,"orthographic":false}