{"cameraMode":{"drawMode":0,"name":"Shaded","section":"Shading Mode"},"sceneLighting":false,"audioPlay":false,"sceneViewState":{"showFog":false,"showMaterialUpdate":false,"showSkybox":false,"showFlares":false,"showImageEffects":false,"showParticleSystems":false},"in2DMode":false,"pivot":{"x":148.72804260253907,"y":169.78033447265626,"z":134.853759765625},"rotation":{"x":0.152242973446846,"y":-0.04624716192483902,"z":0.0071539850905537609,"w":0.9872769117355347},"size":1414.8040771484375,"orthographic":false}