{"cameraMode":{"drawMode":0,"name":"Shaded","section":"Shading Mode"},"sceneLighting":false,"audioPlay":false,"sceneViewState":{"showFog":false,"showMaterialUpdate":false,"showSkybox":false,"showFlares":false,"showImageEffects":false,"showParticleSystems":false},"in2DMode":false,"pivot":{"x":-5.739618301391602,"y":7.5355329513549809,"z":0.7940638065338135},"rotation":{"x":-0.02397824451327324,"y":-0.04256720095872879,"z":0.000999891315586865,"w":-0.9988247752189636},"size":4.0578837394714359,"orthographic":false}