{"cameraMode":{"drawMode":0,"name":"Shaded","section":"Shading Mode"},"sceneLighting":false,"audioPlay":false,"sceneViewState":{"showFog":false,"showMaterialUpdate":false,"showSkybox":false,"showFlares":false,"showImageEffects":false,"showParticleSystems":false},"in2DMode":false,"pivot":{"x":3.737283706665039,"y":14.092660903930664,"z":10.27163028717041},"rotation":{"x":-0.07435469329357147,"y":-0.23148277401924134,"z":0.01769183948636055,"w":-0.9698897004127502},"size":40.449073791503909,"orthographic":false}