{"cameraMode":{"drawMode":0,"name":"Shaded","section":"Shading Mode"},"sceneLighting":false,"audioPlay":false,"sceneViewState":{"showFog":false,"showMaterialUpdate":false,"showSkybox":false,"showFlares":false,"showImageEffects":false,"showParticleSystems":false},"in2DMode":false,"pivot":{"x":-3.7759289741516115,"y":1.1409560441970826,"z":16.754268646240236},"rotation":{"x":0.010433393530547619,"y":0.1131628006696701,"z":0.0011743352515622974,"w":-0.9935457706451416},"size":21.795795440673829,"orthographic":false}