{"cameraMode":{"drawMode":0,"name":"Shaded","section":"Shading Mode"},"sceneLighting":false,"audioPlay":false,"sceneViewState":{"showFog":false,"showMaterialUpdate":false,"showSkybox":false,"showFlares":false,"showImageEffects":false,"showParticleSystems":false},"in2DMode":false,"pivot":{"x":118.22106170654297,"y":380.50482177734377,"z":-1.2949435710906983},"rotation":{"x":-0.034473858773708346,"y":0.03419158235192299,"z":-0.0012238804483786226,"w":-0.998866856098175},"size":471.6534118652344,"orthographic":false}