{"cameraMode":{"drawMode":0,"name":"Shaded","section":"Shading Mode"},"sceneLighting":false,"audioPlay":false,"sceneViewState":{"showFog":false,"showMaterialUpdate":false,"showSkybox":false,"showFlares":false,"showImageEffects":false,"showParticleSystems":false},"in2DMode":false,"pivot":{"x":-4.185667991638184,"y":6.966306686401367,"z":1.2807819843292237},"rotation":{"x":0.037305913865566257,"y":0.7023117542266846,"z":-0.03690527379512787,"w":0.7099348306655884},"size":72.89181518554688,"orthographic":false}