{"cameraMode":{"drawMode":0,"name":"Shaded","section":"Shading Mode"},"sceneLighting":false,"audioPlay":false,"sceneViewState":{"showFog":false,"showMaterialUpdate":false,"showSkybox":false,"showFlares":false,"showImageEffects":false,"showParticleSystems":false},"in2DMode":false,"pivot":{"x":-2.497572422027588,"y":1.5275654792785645,"z":1.5053319931030274},"rotation":{"x":0.009970522485673428,"y":0.31809335947036745,"z":0.003291175002232194,"w":-0.9480604529380798},"size":9.504300117492676,"orthographic":false}