{"cameraMode":{"drawMode":0,"name":"Shaded","section":"Shading Mode"},"sceneLighting":false,"audioPlay":false,"sceneViewState":{"showFog":false,"showMaterialUpdate":false,"showSkybox":false,"showFlares":false,"showImageEffects":false,"showParticleSystems":false},"in2DMode":false,"pivot":{"x":169.67018127441407,"y":133.96896362304688,"z":-49.992305755615237},"rotation":{"x":0.09395323693752289,"y":0.09245269000530243,"z":-0.00876279454678297,"w":0.9912490248680115},"size":1032.061279296875,"orthographic":false}