{"cameraMode":{"drawMode":0,"name":"Shaded","section":"Shading Mode"},"sceneLighting":false,"audioPlay":false,"sceneViewState":{"showFog":false,"showMaterialUpdate":false,"showSkybox":false,"showFlares":false,"showImageEffects":false,"showParticleSystems":false},"in2DMode":false,"pivot":{"x":188.16351318359376,"y":227.63723754882813,"z":156.91363525390626},"rotation":{"x":0.152242973446846,"y":-0.04624716192483902,"z":0.0071539850905537609,"w":0.9872769117355347},"size":875.1650390625,"orthographic":false}