{"cameraMode":{"drawMode":0,"name":"Shaded","section":"Shading Mode"},"sceneLighting":false,"audioPlay":false,"sceneViewState":{"showFog":false,"showMaterialUpdate":false,"showSkybox":false,"showFlares":false,"showImageEffects":false,"showParticleSystems":false},"in2DMode":false,"pivot":{"x":-0.3524165451526642,"y":-2.1142308712005617,"z":2.8330576419830324},"rotation":{"x":-0.31502050161361697,"y":0.0534927137196064,"z":-0.017811430618166925,"w":-0.9474329948425293},"size":6.421829700469971,"orthographic":false}