{"cameraMode":{"drawMode":0,"name":"Shaded","section":"Shading Mode"},"sceneLighting":false,"audioPlay":false,"sceneViewState":{"showFog":false,"showMaterialUpdate":false,"showSkybox":false,"showFlares":false,"showImageEffects":false,"showParticleSystems":false},"in2DMode":false,"pivot":{"x":900.855712890625,"y":554.341552734375,"z":-2.803466796875},"rotation":{"x":0.06744980812072754,"y":0.0072052618488669399,"z":0.00044102847459726036,"w":-0.9977443814277649},"size":685.5758666992188,"orthographic":false}