{"cameraMode":{"drawMode":0,"name":"Shaded","section":"Shading Mode"},"sceneLighting":false,"audioPlay":false,"sceneViewState":{"showFog":false,"showMaterialUpdate":false,"showSkybox":false,"showFlares":false,"showImageEffects":false,"showParticleSystems":false},"in2DMode":false,"pivot":{"x":-1.319814920425415,"y":-0.005309581756591797,"z":1.8180036544799805},"rotation":{"x":0.14662295579910279,"y":0.37265387177467348,"z":-0.05975506827235222,"w":0.9143688678741455},"size":4.357883930206299,"orthographic":false}