{"cameraMode":{"drawMode":0,"name":"Shaded","section":"Shading Mode"},"sceneLighting":false,"audioPlay":false,"sceneViewState":{"showFog":false,"showMaterialUpdate":false,"showSkybox":false,"showFlares":false,"showImageEffects":false,"showParticleSystems":false},"in2DMode":false,"pivot":{"x":-2.357515811920166,"y":-3.4197511672973635,"z":19.485942840576173},"rotation":{"x":-0.08975302428007126,"y":0.05347288399934769,"z":-0.004878977779299021,"w":-0.9945851564407349},"size":34.514095306396487,"orthographic":false}