{"cameraMode":{"drawMode":0,"name":"Shaded","section":"Shading Mode"},"sceneLighting":false,"audioPlay":false,"sceneViewState":{"showFog":false,"showMaterialUpdate":false,"showSkybox":false,"showFlares":false,"showImageEffects":false,"showParticleSystems":false},"in2DMode":false,"pivot":{"x":893.981689453125,"y":556.7750854492188,"z":-2.8882598876953127},"rotation":{"x":0.06445778906345368,"y":0.0012188471155241132,"z":0.00003135495353490114,"w":-0.9979708194732666},"size":196.3881378173828,"orthographic":false}